Timestamp,Voltage,Label
2018-01-01 07:59:00,171,Low Voltage
2018-01-01 13:59:00,140,Low Voltage
2018-01-01 19:59:00,224,Stable
2018-01-01 23:59:00,194,Low Voltage
2018-01-02 07:59:00,221,Stable
2018-01-02 13:59:00,226,Stable
2018-01-02 19:59:00,235,Stable
2018-01-02 23:59:00,233,Stable
2018-01-03 07:59:00,238,Stable
2018-01-03 13:59:00,255,High Voltage
2018-01-03 19:59:00,217,Low Voltage
2018-01-03 23:59:00,189,Low Voltage
2018-01-04 07:59:00,208,Low Voltage
2018-01-04 13:59:00,233,Stable
2018-01-04 19:59:00,0,Power Outage
2018-01-04 23:59:00,225,Stable
2018-01-05 07:59:00,183,Low Voltage
2018-01-05 13:59:00,225,Stable
2018-01-05 19:59:00,202,Low Voltage
2018-01-05 23:59:00,120,Low Voltage
2018-01-06 07:59:00,255,High Voltage
2018-01-06 13:59:00,222,Stable
2018-01-06 19:59:00,235,Stable
2018-01-06 23:59:00,197,Low Voltage
2018-01-07 07:59:00,183,Low Voltage
2018-01-07 13:59:00,229,Stable
2018-01-07 19:59:00,228,Stable
2018-01-07 23:59:00,223,Stable
2018-01-08 07:59:00,243,High Voltage
2018-01-08 13:59:00,232,Stable
2018-01-08 19:59:00,189,Low Voltage
2018-01-08 23:59:00,187,Low Voltage
2018-01-09 07:59:00,261,High Voltage
2018-01-09 13:59:00,221,Stable
2018-01-09 19:59:00,191,Low Voltage
2018-01-09 23:59:00,196,Low Voltage
2018-01-10 07:59:00,238,Stable
2018-01-10 13:59:00,155,Low Voltage
2018-01-10 19:59:00,234,Stable
2018-01-10 23:59:00,240,Stable
2018-01-11 07:59:00,0,Power Outage
2018-01-11 13:59:00,240,Stable
2018-01-11 19:59:00,193,Low Voltage
2018-01-11 23:59:00,248,High Voltage
2018-01-12 07:59:00,227,Stable
2018-01-12 13:59:00,259,High Voltage
2018-01-12 19:59:00,220,Low Voltage
2018-01-12 23:59:00,217,Low Voltage
2018-01-13 07:59:00,237,Stable
2018-01-13 13:59:00,147,Low Voltage
2018-01-13 19:59:00,119,Low Voltage
2018-01-13 23:59:00,147,Low Voltage
2018-01-14 07:59:00,257,High Voltage
2018-01-14 13:59:00,228,Stable
2018-01-14 19:59:00,236,Stable
2018-01-14 23:59:00,252,High Voltage
2018-01-15 07:59:00,228,Stable
2018-01-15 13:59:00,240,Stable
2018-01-15 19:59:00,210,Low Voltage
2018-01-15 23:59:00,221,Stable
2018-01-16 07:59:00,168,Low Voltage
2018-01-16 13:59:00,235,Stable
2018-01-16 19:59:00,251,High Voltage
2018-01-16 23:59:00,178,Low Voltage
2018-01-17 07:59:00,233,Stable
2018-01-17 13:59:00,233,Stable
2018-01-17 19:59:00,222,Stable
2018-01-17 23:59:00,243,High Voltage
2018-01-18 07:59:00,238,Stable
2018-01-18 13:59:00,201,Low Voltage
2018-01-18 19:59:00,259,High Voltage
2018-01-18 23:59:00,191,Low Voltage
2018-01-19 07:59:00,216,Low Voltage
2018-01-19 13:59:00,252,High Voltage
2018-01-19 19:59:00,205,Low Voltage
2018-01-19 23:59:00,0,Power Outage
2018-01-20 07:59:00,240,Stable
2018-01-20 13:59:00,225,Stable
2018-01-20 19:59:00,195,Low Voltage
2018-01-20 23:59:00,165,Low Voltage
2018-01-21 07:59:00,119,Low Voltage
2018-01-21 13:59:00,179,Low Voltage
2018-01-21 19:59:00,135,Low Voltage
2018-01-21 23:59:00,238,Stable
2018-01-22 07:59:00,220,Low Voltage
2018-01-22 13:59:00,168,Low Voltage
2018-01-22 19:59:00,192,Low Voltage
2018-01-22 23:59:00,229,Stable
2018-01-23 07:59:00,122,Low Voltage
2018-01-23 13:59:00,225,Stable
2018-01-23 19:59:00,139,Low Voltage
2018-01-23 23:59:00,235,Stable
2018-01-24 07:59:00,0,Power Outage
2018-01-24 13:59:00,238,Stable
2018-01-24 19:59:00,184,Low Voltage
2018-01-24 23:59:00,249,High Voltage
2018-01-25 07:59:00,262,High Voltage
2018-01-25 13:59:00,223,Stable
2018-01-25 19:59:00,239,Stable
2018-01-25 23:59:00,237,Stable
2018-01-26 07:59:00,244,High Voltage
2018-01-26 13:59:00,241,High Voltage
2018-01-26 19:59:00,236,Stable
2018-01-26 23:59:00,198,Low Voltage
2018-01-27 07:59:00,190,Low Voltage
2018-01-27 13:59:00,234,Stable
2018-01-27 19:59:00,162,Low Voltage
2018-01-27 23:59:00,245,High Voltage
2018-01-28 07:59:00,236,Stable
2018-01-28 13:59:00,116,Low Voltage
2018-01-28 19:59:00,222,Stable
2018-01-28 23:59:00,239,Stable
2018-01-29 07:59:00,204,Low Voltage
2018-01-29 13:59:00,224,Stable
2018-01-29 19:59:00,221,Stable
2018-01-29 23:59:00,188,Low Voltage
2018-01-30 07:59:00,202,Low Voltage
2018-01-30 13:59:00,122,Low Voltage
2018-01-30 19:59:00,262,High Voltage
2018-01-30 23:59:00,252,High Voltage
2018-01-31 07:59:00,220,Low Voltage
2018-01-31 13:59:00,0,Power Outage
2018-01-31 19:59:00,225,Stable
2018-01-31 23:59:00,162,Low Voltage
2018-02-01 07:59:00,258,High Voltage
2018-02-01 13:59:00,215,Low Voltage
2018-02-01 19:59:00,199,Low Voltage
2018-02-01 23:59:00,202,Low Voltage
2018-02-02 07:59:00,260,High Voltage
2018-02-02 13:59:00,227,Stable
2018-02-02 19:59:00,225,Stable
2018-02-02 23:59:00,232,Stable
2018-02-03 07:59:00,230,Stable
2018-02-03 13:59:00,196,Low Voltage
2018-02-03 19:59:00,233,Stable
2018-02-03 23:59:00,253,High Voltage
2018-02-04 07:59:00,149,Low Voltage
2018-02-04 13:59:00,235,Stable
2018-02-04 19:59:00,150,Low Voltage
2018-02-04 23:59:00,237,Stable
2018-02-05 07:59:00,136,Low Voltage
2018-02-05 13:59:00,244,High Voltage
2018-02-05 19:59:00,230,Stable
2018-02-05 23:59:00,230,Stable
2018-02-06 07:59:00,147,Low Voltage
2018-02-06 13:59:00,259,High Voltage
2018-02-06 19:59:00,206,Low Voltage
2018-02-06 23:59:00,235,Stable
2018-02-07 07:59:00,225,Stable
2018-02-07 13:59:00,223,Stable
2018-02-07 19:59:00,224,Stable
2018-02-07 23:59:00,204,Low Voltage
2018-02-08 07:59:00,236,Stable
2018-02-08 13:59:00,235,Stable
2018-02-08 19:59:00,155,Low Voltage
2018-02-08 23:59:00,228,Stable
2018-02-09 07:59:00,238,Stable
2018-02-09 13:59:00,237,Stable
2018-02-09 19:59:00,253,High Voltage
2018-02-09 23:59:00,222,Stable
2018-02-10 07:59:00,232,Stable
2018-02-10 13:59:00,133,Low Voltage
2018-02-10 19:59:00,253,High Voltage
2018-02-10 23:59:00,201,Low Voltage
2018-02-11 07:59:00,239,Stable
2018-02-11 13:59:00,222,Stable
2018-02-11 19:59:00,260,High Voltage
2018-02-11 23:59:00,215,Low Voltage
2018-02-12 07:59:00,231,Stable
2018-02-12 13:59:00,0,Power Outage
2018-02-12 19:59:00,146,Low Voltage
2018-02-12 23:59:00,241,High Voltage
2018-02-13 07:59:00,133,Low Voltage
2018-02-13 13:59:00,222,Stable
2018-02-13 19:59:00,0,Power Outage
2018-02-13 23:59:00,0,Power Outage
2018-02-14 07:59:00,262,High Voltage
2018-02-14 13:59:00,231,Stable
2018-02-14 19:59:00,130,Low Voltage
2018-02-14 23:59:00,239,Stable
2018-02-15 07:59:00,200,Low Voltage
2018-02-15 13:59:00,223,Stable
2018-02-15 19:59:00,227,Stable
2018-02-15 23:59:00,221,Stable
2018-02-16 07:59:00,140,Low Voltage
2018-02-16 13:59:00,256,High Voltage
2018-02-16 19:59:00,245,High Voltage
2018-02-16 23:59:00,226,Stable
2018-02-17 07:59:00,196,Low Voltage
2018-02-17 13:59:00,236,Stable
2018-02-17 19:59:00,240,Stable
2018-02-17 23:59:00,226,Stable
2018-02-18 07:59:00,123,Low Voltage
2018-02-18 13:59:00,241,High Voltage
2018-02-18 19:59:00,238,Stable
2018-02-18 23:59:00,234,Stable
2018-02-19 07:59:00,125,Low Voltage
2018-02-19 13:59:00,120,Low Voltage
2018-02-19 19:59:00,236,Stable
2018-02-19 23:59:00,239,Stable
2018-02-20 07:59:00,189,Low Voltage
2018-02-20 13:59:00,203,Low Voltage
2018-02-20 19:59:00,232,Stable
2018-02-20 23:59:00,184,Low Voltage
2018-02-21 07:59:00,121,Low Voltage
2018-02-21 13:59:00,226,Stable
2018-02-21 19:59:00,236,Stable
2018-02-21 23:59:00,211,Low Voltage
2018-02-22 07:59:00,120,Low Voltage
2018-02-22 13:59:00,226,Stable
2018-02-22 19:59:00,166,Low Voltage
2018-02-22 23:59:00,228,Stable
2018-02-23 07:59:00,231,Stable
2018-02-23 13:59:00,230,Stable
2018-02-23 19:59:00,234,Stable
2018-02-23 23:59:00,119,Low Voltage
2018-02-24 07:59:00,232,Stable
2018-02-24 13:59:00,230,Stable
2018-02-24 19:59:00,139,Low Voltage
2018-02-24 23:59:00,241,High Voltage
2018-02-25 07:59:00,228,Stable
2018-02-25 13:59:00,134,Low Voltage
2018-02-25 19:59:00,182,Low Voltage
2018-02-25 23:59:00,221,Stable
2018-02-26 07:59:00,255,High Voltage
2018-02-26 13:59:00,224,Stable
2018-02-26 19:59:00,256,High Voltage
2018-02-26 23:59:00,227,Stable
2018-02-27 07:59:00,255,High Voltage
2018-02-27 13:59:00,166,Low Voltage
2018-02-27 19:59:00,198,Low Voltage
2018-02-27 23:59:00,199,Low Voltage
2018-02-28 07:59:00,118,Low Voltage
2018-02-28 13:59:00,220,Low Voltage
2018-02-28 19:59:00,223,Stable
2018-02-28 23:59:00,124,Low Voltage
2018-03-01 07:59:00,225,Stable
2018-03-01 13:59:00,199,Low Voltage
2018-03-01 19:59:00,241,High Voltage
2018-03-01 23:59:00,219,Low Voltage
2018-03-02 07:59:00,233,Stable
2018-03-02 13:59:00,230,Stable
2018-03-02 19:59:00,237,Stable
2018-03-02 23:59:00,221,Stable
2018-03-03 07:59:00,126,Low Voltage
2018-03-03 13:59:00,227,Stable
2018-03-03 19:59:00,234,Stable
2018-03-03 23:59:00,233,Stable
2018-03-04 07:59:00,227,Stable
2018-03-04 13:59:00,0,Power Outage
2018-03-04 19:59:00,0,Power Outage
2018-03-04 23:59:00,0,Power Outage
2018-03-05 07:59:00,230,Stable
2018-03-05 13:59:00,232,Stable
2018-03-05 19:59:00,239,Stable
2018-03-05 23:59:00,231,Stable
2018-03-06 07:59:00,157,Low Voltage
2018-03-06 13:59:00,205,Low Voltage
2018-03-06 19:59:00,240,Stable
2018-03-06 23:59:00,133,Low Voltage
2018-03-07 07:59:00,233,Stable
2018-03-07 13:59:00,247,High Voltage
2018-03-07 19:59:00,260,High Voltage
2018-03-07 23:59:00,248,High Voltage
2018-03-08 07:59:00,235,Stable
2018-03-08 13:59:00,246,High Voltage
2018-03-08 19:59:00,239,Stable
2018-03-08 23:59:00,234,Stable
2018-03-09 07:59:00,226,Stable
2018-03-09 13:59:00,237,Stable
2018-03-09 19:59:00,222,Stable
2018-03-09 23:59:00,244,High Voltage
2018-03-10 07:59:00,234,Stable
2018-03-10 13:59:00,223,Stable
2018-03-10 19:59:00,236,Stable
2018-03-10 23:59:00,202,Low Voltage
2018-03-11 07:59:00,237,Stable
2018-03-11 13:59:00,0,Power Outage
2018-03-11 19:59:00,231,Stable
2018-03-11 23:59:00,229,Stable
2018-03-12 07:59:00,222,Stable
2018-03-12 13:59:00,141,Low Voltage
2018-03-12 19:59:00,240,Stable
2018-03-12 23:59:00,149,Low Voltage
2018-03-13 07:59:00,227,Stable
2018-03-13 13:59:00,221,Stable
2018-03-13 19:59:00,261,High Voltage
2018-03-13 23:59:00,227,Stable
2018-03-14 07:59:00,234,Stable
2018-03-14 13:59:00,144,Low Voltage
2018-03-14 19:59:00,238,Stable
2018-03-14 23:59:00,231,Stable
2018-03-15 07:59:00,227,Stable
2018-03-15 13:59:00,225,Stable
2018-03-15 19:59:00,188,Low Voltage
2018-03-15 23:59:00,222,Stable
2018-03-16 07:59:00,235,Stable
2018-03-16 13:59:00,226,Stable
2018-03-16 19:59:00,221,Stable
2018-03-16 23:59:00,233,Stable
2018-03-17 07:59:00,235,Stable
2018-03-17 13:59:00,238,Stable
2018-03-17 19:59:00,252,High Voltage
2018-03-17 23:59:00,232,Stable
2018-03-18 07:59:00,219,Low Voltage
2018-03-18 13:59:00,228,Stable
2018-03-18 19:59:00,223,Stable
2018-03-18 23:59:00,245,High Voltage
2018-03-19 07:59:00,258,High Voltage
2018-03-19 13:59:00,0,Power Outage
2018-03-19 19:59:00,237,Stable
2018-03-19 23:59:00,0,Power Outage
2018-03-20 07:59:00,256,High Voltage
2018-03-20 13:59:00,203,Low Voltage
2018-03-20 19:59:00,231,Stable
2018-03-20 23:59:00,0,Power Outage
2018-03-21 07:59:00,195,Low Voltage
2018-03-21 13:59:00,227,Stable
2018-03-21 19:59:00,145,Low Voltage
2018-03-21 23:59:00,262,High Voltage
2018-03-22 07:59:00,247,High Voltage
2018-03-22 13:59:00,219,Low Voltage
2018-03-22 19:59:00,238,Stable
2018-03-22 23:59:00,244,High Voltage
2018-03-23 07:59:00,240,Stable
2018-03-23 13:59:00,138,Low Voltage
2018-03-23 19:59:00,233,Stable
2018-03-23 23:59:00,221,Stable
2018-03-24 07:59:00,146,Low Voltage
2018-03-24 13:59:00,175,Low Voltage
2018-03-24 19:59:00,224,Stable
2018-03-24 23:59:00,189,Low Voltage
2018-03-25 07:59:00,240,Stable
2018-03-25 13:59:00,200,Low Voltage
2018-03-25 19:59:00,228,Stable
2018-03-25 23:59:00,189,Low Voltage
2018-03-26 07:59:00,138,Low Voltage
2018-03-26 13:59:00,157,Low Voltage
2018-03-26 19:59:00,226,Stable
2018-03-26 23:59:00,125,Low Voltage
2018-03-27 07:59:00,242,High Voltage
2018-03-27 13:59:00,231,Stable
2018-03-27 19:59:00,163,Low Voltage
2018-03-27 23:59:00,222,Stable
2018-03-28 07:59:00,234,Stable
2018-03-28 13:59:00,224,Stable
2018-03-28 19:59:00,176,Low Voltage
2018-03-28 23:59:00,236,Stable
2018-03-29 07:59:00,206,Low Voltage
2018-03-29 13:59:00,237,Stable
2018-03-29 19:59:00,224,Stable
2018-03-29 23:59:00,206,Low Voltage
2018-03-30 07:59:00,229,Stable
2018-03-30 13:59:00,214,Low Voltage
2018-03-30 19:59:00,233,Stable
2018-03-30 23:59:00,245,High Voltage
2018-03-31 07:59:00,228,Stable
2018-03-31 13:59:00,143,Low Voltage
2018-03-31 19:59:00,221,Stable
2018-03-31 23:59:00,144,Low Voltage
2018-04-01 07:59:00,229,Stable
2018-04-01 13:59:00,225,Stable
2018-04-01 19:59:00,222,Stable
2018-04-01 23:59:00,221,Stable
2018-04-02 07:59:00,240,Stable
2018-04-02 13:59:00,225,Stable
2018-04-02 19:59:00,261,High Voltage
2018-04-02 23:59:00,188,Low Voltage
2018-04-03 07:59:00,139,Low Voltage
2018-04-03 13:59:00,226,Stable
2018-04-03 19:59:00,239,Stable
2018-04-03 23:59:00,236,Stable
2018-04-04 07:59:00,200,Low Voltage
2018-04-04 13:59:00,253,High Voltage
2018-04-04 19:59:00,256,High Voltage
2018-04-04 23:59:00,218,Low Voltage
2018-04-05 07:59:00,129,Low Voltage
2018-04-05 13:59:00,235,Stable
2018-04-05 19:59:00,228,Stable
2018-04-05 23:59:00,204,Low Voltage
2018-04-06 07:59:00,236,Stable
2018-04-06 13:59:00,122,Low Voltage
2018-04-06 19:59:00,226,Stable
2018-04-06 23:59:00,225,Stable
2018-04-07 07:59:00,184,Low Voltage
2018-04-07 13:59:00,261,High Voltage
2018-04-07 19:59:00,241,High Voltage
2018-04-07 23:59:00,149,Low Voltage
2018-04-08 07:59:00,129,Low Voltage
2018-04-08 13:59:00,255,High Voltage
2018-04-08 19:59:00,209,Low Voltage
2018-04-08 23:59:00,223,Stable
2018-04-09 07:59:00,237,Stable
2018-04-09 13:59:00,169,Low Voltage
2018-04-09 19:59:00,221,Stable
2018-04-09 23:59:00,255,High Voltage
2018-04-10 07:59:00,231,Stable
2018-04-10 13:59:00,150,Low Voltage
2018-04-10 19:59:00,119,Low Voltage
2018-04-10 23:59:00,217,Low Voltage
2018-04-11 07:59:00,116,Low Voltage
2018-04-11 13:59:00,222,Stable
2018-04-11 19:59:00,233,Stable
2018-04-11 23:59:00,245,High Voltage
2018-04-12 07:59:00,236,Stable
2018-04-12 13:59:00,189,Low Voltage
2018-04-12 19:59:00,233,Stable
2018-04-12 23:59:00,157,Low Voltage
2018-04-13 07:59:00,170,Low Voltage
2018-04-13 13:59:00,224,Stable
2018-04-13 19:59:00,228,Stable
2018-04-13 23:59:00,243,High Voltage
2018-04-14 07:59:00,227,Stable
2018-04-14 13:59:00,239,Stable
2018-04-14 19:59:00,238,Stable
2018-04-14 23:59:00,251,High Voltage
2018-04-15 07:59:00,233,Stable
2018-04-15 13:59:00,182,Low Voltage
2018-04-15 19:59:00,143,Low Voltage
2018-04-15 23:59:00,258,High Voltage
2018-04-16 07:59:00,150,Low Voltage
2018-04-16 13:59:00,224,Stable
2018-04-16 19:59:00,137,Low Voltage
2018-04-16 23:59:00,224,Stable
2018-04-17 07:59:00,167,Low Voltage
2018-04-17 13:59:00,0,Power Outage
2018-04-17 19:59:00,255,High Voltage
2018-04-17 23:59:00,167,Low Voltage
2018-04-18 07:59:00,155,Low Voltage
2018-04-18 13:59:00,158,Low Voltage
2018-04-18 19:59:00,223,Stable
2018-04-18 23:59:00,117,Low Voltage
2018-04-19 07:59:00,248,High Voltage
2018-04-19 13:59:00,229,Stable
2018-04-19 19:59:00,240,Stable
2018-04-19 23:59:00,238,Stable
2018-04-20 07:59:00,126,Low Voltage
2018-04-20 13:59:00,176,Low Voltage
2018-04-20 19:59:00,226,Stable
2018-04-20 23:59:00,185,Low Voltage
2018-04-21 07:59:00,245,High Voltage
2018-04-21 13:59:00,236,Stable
2018-04-21 19:59:00,198,Low Voltage
2018-04-21 23:59:00,165,Low Voltage
2018-04-22 07:59:00,0,Power Outage
2018-04-22 13:59:00,232,Stable
2018-04-22 19:59:00,191,Low Voltage
2018-04-22 23:59:00,209,Low Voltage
2018-04-23 07:59:00,257,High Voltage
2018-04-23 13:59:00,222,Stable
2018-04-23 19:59:00,194,Low Voltage
2018-04-23 23:59:00,207,Low Voltage
2018-04-24 07:59:00,203,Low Voltage
2018-04-24 13:59:00,224,Stable
2018-04-24 19:59:00,259,High Voltage
2018-04-24 23:59:00,258,High Voltage
2018-04-25 07:59:00,227,Stable
2018-04-25 13:59:00,191,Low Voltage
2018-04-25 19:59:00,237,Stable
2018-04-25 23:59:00,157,Low Voltage
2018-04-26 07:59:00,222,Stable
2018-04-26 13:59:00,127,Low Voltage
2018-04-26 19:59:00,225,Stable
2018-04-26 23:59:00,227,Stable
2018-04-27 07:59:00,188,Low Voltage
2018-04-27 13:59:00,118,Low Voltage
2018-04-27 19:59:00,239,Stable
2018-04-27 23:59:00,231,Stable
2018-04-28 07:59:00,217,Low Voltage
2018-04-28 13:59:00,182,Low Voltage
2018-04-28 19:59:00,0,Power Outage
2018-04-28 23:59:00,240,Stable
2018-04-29 07:59:00,238,Stable
2018-04-29 13:59:00,151,Low Voltage
2018-04-29 19:59:00,199,Low Voltage
2018-04-29 23:59:00,0,Power Outage
2018-04-30 07:59:00,228,Stable
2018-04-30 13:59:00,254,High Voltage
2018-04-30 19:59:00,234,Stable
2018-04-30 23:59:00,137,Low Voltage
2018-05-01 07:59:00,238,Stable
2018-05-01 13:59:00,232,Stable
2018-05-01 19:59:00,253,High Voltage
2018-05-01 23:59:00,199,Low Voltage
2018-05-02 07:59:00,182,Low Voltage
2018-05-02 13:59:00,223,Stable
2018-05-02 19:59:00,226,Stable
2018-05-02 23:59:00,137,Low Voltage
2018-05-03 07:59:00,148,Low Voltage
2018-05-03 13:59:00,236,Stable
2018-05-03 19:59:00,143,Low Voltage
2018-05-03 23:59:00,238,Stable
2018-05-04 07:59:00,226,Stable
2018-05-04 13:59:00,229,Stable
2018-05-04 19:59:00,149,Low Voltage
2018-05-04 23:59:00,224,Stable
2018-05-05 07:59:00,241,High Voltage
2018-05-05 13:59:00,245,High Voltage
2018-05-05 19:59:00,236,Stable
2018-05-05 23:59:00,151,Low Voltage
2018-05-06 07:59:00,257,High Voltage
2018-05-06 13:59:00,240,Stable
2018-05-06 19:59:00,217,Low Voltage
2018-05-06 23:59:00,198,Low Voltage
2018-05-07 07:59:00,236,Stable
2018-05-07 13:59:00,233,Stable
2018-05-07 19:59:00,222,Stable
2018-05-07 23:59:00,247,High Voltage
2018-05-08 07:59:00,184,Low Voltage
2018-05-08 13:59:00,120,Low Voltage
2018-05-08 19:59:00,240,Stable
2018-05-08 23:59:00,153,Low Voltage
2018-05-09 07:59:00,228,Stable
2018-05-09 13:59:00,207,Low Voltage
2018-05-09 19:59:00,231,Stable
2018-05-09 23:59:00,117,Low Voltage
2018-05-10 07:59:00,239,Stable
2018-05-10 13:59:00,247,High Voltage
2018-05-10 19:59:00,254,High Voltage
2018-05-10 23:59:00,0,Power Outage
2018-05-11 07:59:00,224,Stable
2018-05-11 13:59:00,134,Low Voltage
2018-05-11 19:59:00,233,Stable
2018-05-11 23:59:00,256,High Voltage
2018-05-12 07:59:00,235,Stable
2018-05-12 13:59:00,228,Stable
2018-05-12 19:59:00,204,Low Voltage
2018-05-12 23:59:00,211,Low Voltage
2018-05-13 07:59:00,175,Low Voltage
2018-05-13 13:59:00,233,Stable
2018-05-13 19:59:00,230,Stable
2018-05-13 23:59:00,156,Low Voltage
2018-05-14 07:59:00,251,High Voltage
2018-05-14 13:59:00,259,High Voltage
2018-05-14 19:59:00,147,Low Voltage
2018-05-14 23:59:00,240,Stable
2018-05-15 07:59:00,192,Low Voltage
2018-05-15 13:59:00,222,Stable
2018-05-15 19:59:00,240,Stable
2018-05-15 23:59:00,226,Stable
2018-05-16 07:59:00,229,Stable
2018-05-16 13:59:00,222,Stable
2018-05-16 19:59:00,261,High Voltage
2018-05-16 23:59:00,123,Low Voltage
2018-05-17 07:59:00,255,High Voltage
2018-05-17 13:59:00,246,High Voltage
2018-05-17 19:59:00,223,Stable
2018-05-17 23:59:00,194,Low Voltage
2018-05-18 07:59:00,222,Stable
2018-05-18 13:59:00,224,Stable
2018-05-18 19:59:00,202,Low Voltage
2018-05-18 23:59:00,252,High Voltage
2018-05-19 07:59:00,149,Low Voltage
2018-05-19 13:59:00,167,Low Voltage
2018-05-19 19:59:00,261,High Voltage
2018-05-19 23:59:00,159,Low Voltage
2018-05-20 07:59:00,224,Stable
2018-05-20 13:59:00,161,Low Voltage
2018-05-20 19:59:00,234,Stable
2018-05-20 23:59:00,184,Low Voltage
2018-05-21 07:59:00,240,Stable
2018-05-21 13:59:00,158,Low Voltage
2018-05-21 19:59:00,246,High Voltage
2018-05-21 23:59:00,194,Low Voltage
2018-05-22 07:59:00,232,Stable
2018-05-22 13:59:00,244,High Voltage
2018-05-22 19:59:00,236,Stable
2018-05-22 23:59:00,157,Low Voltage
2018-05-23 07:59:00,240,Stable
2018-05-23 13:59:00,223,Stable
2018-05-23 19:59:00,233,Stable
2018-05-23 23:59:00,257,High Voltage
2018-05-24 07:59:00,231,Stable
2018-05-24 13:59:00,204,Low Voltage
2018-05-24 19:59:00,230,Stable
2018-05-24 23:59:00,227,Stable
2018-05-25 07:59:00,166,Low Voltage
2018-05-25 13:59:00,191,Low Voltage
2018-05-25 19:59:00,158,Low Voltage
2018-05-25 23:59:00,231,Stable
2018-05-26 07:59:00,236,Stable
2018-05-26 13:59:00,236,Stable
2018-05-26 19:59:00,214,Low Voltage
2018-05-26 23:59:00,207,Low Voltage
2018-05-27 07:59:00,221,Stable
2018-05-27 13:59:00,249,High Voltage
2018-05-27 19:59:00,221,Stable
2018-05-27 23:59:00,231,Stable
2018-05-28 07:59:00,227,Stable
2018-05-28 13:59:00,209,Low Voltage
2018-05-28 19:59:00,253,High Voltage
2018-05-28 23:59:00,229,Stable
2018-05-29 07:59:00,223,Stable
2018-05-29 13:59:00,230,Stable
2018-05-29 19:59:00,247,High Voltage
2018-05-29 23:59:00,238,Stable
2018-05-30 07:59:00,136,Low Voltage
2018-05-30 13:59:00,126,Low Voltage
2018-05-30 19:59:00,217,Low Voltage
2018-05-30 23:59:00,238,Stable
2018-05-31 07:59:00,241,High Voltage
2018-05-31 13:59:00,231,Stable
2018-05-31 19:59:00,233,Stable
2018-05-31 23:59:00,163,Low Voltage
2018-06-01 07:59:00,224,Stable
2018-06-01 13:59:00,183,Low Voltage
2018-06-01 19:59:00,238,Stable
2018-06-01 23:59:00,243,High Voltage
2018-06-02 07:59:00,133,Low Voltage
2018-06-02 13:59:00,240,Stable
2018-06-02 19:59:00,242,High Voltage
2018-06-02 23:59:00,234,Stable
2018-06-03 07:59:00,251,High Voltage
2018-06-03 13:59:00,259,High Voltage
2018-06-03 19:59:00,239,Stable
2018-06-03 23:59:00,250,High Voltage
2018-06-04 07:59:00,149,Low Voltage
2018-06-04 13:59:00,237,Stable
2018-06-04 19:59:00,241,High Voltage
2018-06-04 23:59:00,254,High Voltage
2018-06-05 07:59:00,239,Stable
2018-06-05 13:59:00,235,Stable
2018-06-05 19:59:00,239,Stable
2018-06-05 23:59:00,237,Stable
2018-06-06 07:59:00,229,Stable
2018-06-06 13:59:00,232,Stable
2018-06-06 19:59:00,233,Stable
2018-06-06 23:59:00,249,High Voltage
2018-06-07 07:59:00,205,Low Voltage
2018-06-07 13:59:00,136,Low Voltage
2018-06-07 19:59:00,233,Stable
2018-06-07 23:59:00,144,Low Voltage
2018-06-08 07:59:00,216,Low Voltage
2018-06-08 13:59:00,257,High Voltage
2018-06-08 19:59:00,202,Low Voltage
2018-06-08 23:59:00,126,Low Voltage
2018-06-09 07:59:00,223,Stable
2018-06-09 13:59:00,131,Low Voltage
2018-06-09 19:59:00,225,Stable
2018-06-09 23:59:00,140,Low Voltage
2018-06-10 07:59:00,247,High Voltage
2018-06-10 13:59:00,214,Low Voltage
2018-06-10 19:59:00,250,High Voltage
2018-06-10 23:59:00,118,Low Voltage
2018-06-11 07:59:00,172,Low Voltage
2018-06-11 13:59:00,234,Stable
2018-06-11 19:59:00,240,Stable
2018-06-11 23:59:00,237,Stable
2018-06-12 07:59:00,234,Stable
2018-06-12 13:59:00,240,Stable
2018-06-12 19:59:00,235,Stable
2018-06-12 23:59:00,146,Low Voltage
2018-06-13 07:59:00,144,Low Voltage
2018-06-13 13:59:00,256,High Voltage
2018-06-13 19:59:00,244,High Voltage
2018-06-13 23:59:00,234,Stable
2018-06-14 07:59:00,223,Stable
2018-06-14 13:59:00,221,Stable
2018-06-14 19:59:00,232,Stable
2018-06-14 23:59:00,233,Stable
2018-06-15 07:59:00,221,Stable
2018-06-15 13:59:00,231,Stable
2018-06-15 19:59:00,121,Low Voltage
2018-06-15 23:59:00,233,Stable
2018-06-16 07:59:00,233,Stable
2018-06-16 13:59:00,259,High Voltage
2018-06-16 19:59:00,244,High Voltage
2018-06-16 23:59:00,247,High Voltage
2018-06-17 07:59:00,196,Low Voltage
2018-06-17 13:59:00,257,High Voltage
2018-06-17 19:59:00,134,Low Voltage
2018-06-17 23:59:00,222,Stable
2018-06-18 07:59:00,135,Low Voltage
2018-06-18 13:59:00,247,High Voltage
2018-06-18 19:59:00,0,Power Outage
2018-06-18 23:59:00,239,Stable
2018-06-19 07:59:00,128,Low Voltage
2018-06-19 13:59:00,188,Low Voltage
2018-06-19 19:59:00,225,Stable
2018-06-19 23:59:00,168,Low Voltage
2018-06-20 07:59:00,226,Stable
2018-06-20 13:59:00,259,High Voltage
2018-06-20 19:59:00,187,Low Voltage
2018-06-20 23:59:00,235,Stable
2018-06-21 07:59:00,218,Low Voltage
2018-06-21 13:59:00,0,Power Outage
2018-06-21 19:59:00,194,Low Voltage
2018-06-21 23:59:00,253,High Voltage
2018-06-22 07:59:00,258,High Voltage
2018-06-22 13:59:00,229,Stable
2018-06-22 19:59:00,119,Low Voltage
2018-06-22 23:59:00,234,Stable
2018-06-23 07:59:00,227,Stable
2018-06-23 13:59:00,228,Stable
2018-06-23 19:59:00,233,Stable
2018-06-23 23:59:00,224,Stable
2018-06-24 07:59:00,239,Stable
2018-06-24 13:59:00,238,Stable
2018-06-24 19:59:00,189,Low Voltage
2018-06-24 23:59:00,238,Stable
2018-06-25 07:59:00,207,Low Voltage
2018-06-25 13:59:00,226,Stable
2018-06-25 19:59:00,205,Low Voltage
2018-06-25 23:59:00,198,Low Voltage
2018-06-26 07:59:00,126,Low Voltage
2018-06-26 13:59:00,222,Stable
2018-06-26 19:59:00,227,Stable
2018-06-26 23:59:00,254,High Voltage
2018-06-27 07:59:00,239,Stable
2018-06-27 13:59:00,239,Stable
2018-06-27 19:59:00,221,Stable
2018-06-27 23:59:00,235,Stable
2018-06-28 07:59:00,190,Low Voltage
2018-06-28 13:59:00,226,Stable
2018-06-28 19:59:00,0,Power Outage
2018-06-28 23:59:00,231,Stable
2018-06-29 07:59:00,226,Stable
2018-06-29 13:59:00,243,High Voltage
2018-06-29 19:59:00,190,Low Voltage
2018-06-29 23:59:00,238,Stable
2018-06-30 07:59:00,222,Stable
2018-06-30 13:59:00,232,Stable
2018-06-30 19:59:00,222,Stable
2018-06-30 23:59:00,261,High Voltage
2018-07-01 07:59:00,0,Power Outage
2018-07-01 13:59:00,232,Stable
2018-07-01 19:59:00,230,Stable
2018-07-01 23:59:00,251,High Voltage
2018-07-02 07:59:00,131,Low Voltage
2018-07-02 13:59:00,195,Low Voltage
2018-07-02 19:59:00,222,Stable
2018-07-02 23:59:00,224,Stable
2018-07-03 07:59:00,253,High Voltage
2018-07-03 13:59:00,227,Stable
2018-07-03 19:59:00,238,Stable
2018-07-03 23:59:00,141,Low Voltage
2018-07-04 07:59:00,259,High Voltage
2018-07-04 13:59:00,233,Stable
2018-07-04 19:59:00,222,Stable
2018-07-04 23:59:00,219,Low Voltage
2018-07-05 07:59:00,221,Stable
2018-07-05 13:59:00,201,Low Voltage
2018-07-05 19:59:00,122,Low Voltage
2018-07-05 23:59:00,224,Stable
2018-07-06 07:59:00,236,Stable
2018-07-06 13:59:00,240,Stable
2018-07-06 19:59:00,129,Low Voltage
2018-07-06 23:59:00,225,Stable
2018-07-07 07:59:00,251,High Voltage
2018-07-07 13:59:00,222,Stable
2018-07-07 19:59:00,124,Low Voltage
2018-07-07 23:59:00,234,Stable
2018-07-08 07:59:00,250,High Voltage
2018-07-08 13:59:00,228,Stable
2018-07-08 19:59:00,244,High Voltage
2018-07-08 23:59:00,242,High Voltage
2018-07-09 07:59:00,218,Low Voltage
2018-07-09 13:59:00,227,Stable
2018-07-09 19:59:00,232,Stable
2018-07-09 23:59:00,173,Low Voltage
2018-07-10 07:59:00,208,Low Voltage
2018-07-10 13:59:00,240,Stable
2018-07-10 19:59:00,247,High Voltage
2018-07-10 23:59:00,226,Stable
2018-07-11 07:59:00,118,Low Voltage
2018-07-11 13:59:00,230,Stable
2018-07-11 19:59:00,231,Stable
2018-07-11 23:59:00,132,Low Voltage
2018-07-12 07:59:00,233,Stable
2018-07-12 13:59:00,122,Low Voltage
2018-07-12 19:59:00,259,High Voltage
2018-07-12 23:59:00,237,Stable
2018-07-13 07:59:00,201,Low Voltage
2018-07-13 13:59:00,185,Low Voltage
2018-07-13 19:59:00,231,Stable
2018-07-13 23:59:00,229,Stable
2018-07-14 07:59:00,256,High Voltage
2018-07-14 13:59:00,240,Stable
2018-07-14 19:59:00,229,Stable
2018-07-14 23:59:00,183,Low Voltage
2018-07-15 07:59:00,235,Stable
2018-07-15 13:59:00,251,High Voltage
2018-07-15 19:59:00,242,High Voltage
2018-07-15 23:59:00,221,Stable
2018-07-16 07:59:00,228,Stable
2018-07-16 13:59:00,224,Stable
2018-07-16 19:59:00,161,Low Voltage
2018-07-16 23:59:00,228,Stable
2018-07-17 07:59:00,235,Stable
2018-07-17 13:59:00,236,Stable
2018-07-17 19:59:00,222,Stable
2018-07-17 23:59:00,0,Power Outage
2018-07-18 07:59:00,255,High Voltage
2018-07-18 13:59:00,228,Stable
2018-07-18 19:59:00,221,Stable
2018-07-18 23:59:00,182,Low Voltage
2018-07-19 07:59:00,196,Low Voltage
2018-07-19 13:59:00,179,Low Voltage
2018-07-19 19:59:00,122,Low Voltage
2018-07-19 23:59:00,0,Power Outage
2018-07-20 07:59:00,0,Power Outage
2018-07-20 13:59:00,223,Stable
2018-07-20 19:59:00,229,Stable
2018-07-20 23:59:00,203,Low Voltage
2018-07-21 07:59:00,209,Low Voltage
2018-07-21 13:59:00,182,Low Voltage
2018-07-21 19:59:00,162,Low Voltage
2018-07-21 23:59:00,255,High Voltage
2018-07-22 07:59:00,226,Stable
2018-07-22 13:59:00,225,Stable
2018-07-22 19:59:00,238,Stable
2018-07-22 23:59:00,167,Low Voltage
2018-07-23 07:59:00,226,Stable
2018-07-23 13:59:00,234,Stable
2018-07-23 19:59:00,172,Low Voltage
2018-07-23 23:59:00,246,High Voltage
2018-07-24 07:59:00,229,Stable
2018-07-24 13:59:00,251,High Voltage
2018-07-24 19:59:00,0,Power Outage
2018-07-24 23:59:00,262,High Voltage
2018-07-25 07:59:00,232,Stable
2018-07-25 13:59:00,130,Low Voltage
2018-07-25 19:59:00,233,Stable
2018-07-25 23:59:00,163,Low Voltage
2018-07-26 07:59:00,244,High Voltage
2018-07-26 13:59:00,202,Low Voltage
2018-07-26 19:59:00,161,Low Voltage
2018-07-26 23:59:00,164,Low Voltage
2018-07-27 07:59:00,186,Low Voltage
2018-07-27 13:59:00,118,Low Voltage
2018-07-27 19:59:00,199,Low Voltage
2018-07-27 23:59:00,229,Stable
2018-07-28 07:59:00,258,High Voltage
2018-07-28 13:59:00,224,Stable
2018-07-28 19:59:00,233,Stable
2018-07-28 23:59:00,253,High Voltage
2018-07-29 07:59:00,229,Stable
2018-07-29 13:59:00,237,Stable
2018-07-29 19:59:00,212,Low Voltage
2018-07-29 23:59:00,153,Low Voltage
2018-07-30 07:59:00,228,Stable
2018-07-30 13:59:00,226,Stable
2018-07-30 19:59:00,200,Low Voltage
2018-07-30 23:59:00,226,Stable
2018-07-31 07:59:00,239,Stable
2018-07-31 13:59:00,225,Stable
2018-07-31 19:59:00,216,Low Voltage
2018-07-31 23:59:00,223,Stable
2018-08-01 07:59:00,239,Stable
2018-08-01 13:59:00,150,Low Voltage
2018-08-01 19:59:00,243,High Voltage
2018-08-01 23:59:00,0,Power Outage
2018-08-02 07:59:00,234,Stable
2018-08-02 13:59:00,250,High Voltage
2018-08-02 19:59:00,189,Low Voltage
2018-08-02 23:59:00,236,Stable
2018-08-03 07:59:00,237,Stable
2018-08-03 13:59:00,116,Low Voltage
2018-08-03 19:59:00,128,Low Voltage
2018-08-03 23:59:00,204,Low Voltage
2018-08-04 07:59:00,239,Stable
2018-08-04 13:59:00,243,High Voltage
2018-08-04 19:59:00,177,Low Voltage
2018-08-04 23:59:00,163,Low Voltage
2018-08-05 07:59:00,166,Low Voltage
2018-08-05 13:59:00,180,Low Voltage
2018-08-05 19:59:00,187,Low Voltage
2018-08-05 23:59:00,0,Power Outage
2018-08-06 07:59:00,231,Stable
2018-08-06 13:59:00,126,Low Voltage
2018-08-06 19:59:00,256,High Voltage
2018-08-06 23:59:00,246,High Voltage
2018-08-07 07:59:00,225,Stable
2018-08-07 13:59:00,256,High Voltage
2018-08-07 19:59:00,222,Stable
2018-08-07 23:59:00,0,Power Outage
2018-08-08 07:59:00,131,Low Voltage
2018-08-08 13:59:00,237,Stable
2018-08-08 19:59:00,183,Low Voltage
2018-08-08 23:59:00,235,Stable
2018-08-09 07:59:00,0,Power Outage
2018-08-09 13:59:00,226,Stable
2018-08-09 19:59:00,169,Low Voltage
2018-08-09 23:59:00,229,Stable
2018-08-10 07:59:00,261,High Voltage
2018-08-10 13:59:00,185,Low Voltage
2018-08-10 19:59:00,176,Low Voltage
2018-08-10 23:59:00,192,Low Voltage
2018-08-11 07:59:00,260,High Voltage
2018-08-11 13:59:00,238,Stable
2018-08-11 19:59:00,221,Stable
2018-08-11 23:59:00,257,High Voltage
2018-08-12 07:59:00,259,High Voltage
2018-08-12 13:59:00,235,Stable
2018-08-12 19:59:00,240,Stable
2018-08-12 23:59:00,225,Stable
2018-08-13 07:59:00,222,Stable
2018-08-13 13:59:00,226,Stable
2018-08-13 19:59:00,236,Stable
2018-08-13 23:59:00,231,Stable
2018-08-14 07:59:00,0,Power Outage
2018-08-14 13:59:00,257,High Voltage
2018-08-14 19:59:00,155,Low Voltage
2018-08-14 23:59:00,221,Stable
2018-08-15 07:59:00,211,Low Voltage
2018-08-15 13:59:00,207,Low Voltage
2018-08-15 19:59:00,238,Stable
2018-08-15 23:59:00,185,Low Voltage
2018-08-16 07:59:00,224,Stable
2018-08-16 13:59:00,228,Stable
2018-08-16 19:59:00,221,Stable
2018-08-16 23:59:00,240,Stable
2018-08-17 07:59:00,238,Stable
2018-08-17 13:59:00,193,Low Voltage
2018-08-17 19:59:00,204,Low Voltage
2018-08-17 23:59:00,180,Low Voltage
2018-08-18 07:59:00,215,Low Voltage
2018-08-18 13:59:00,207,Low Voltage
2018-08-18 19:59:00,235,Stable
2018-08-18 23:59:00,172,Low Voltage
2018-08-19 07:59:00,0,Power Outage
2018-08-19 13:59:00,229,Stable
2018-08-19 19:59:00,239,Stable
2018-08-19 23:59:00,225,Stable
2018-08-20 07:59:00,225,Stable
2018-08-20 13:59:00,188,Low Voltage
2018-08-20 19:59:00,249,High Voltage
2018-08-20 23:59:00,164,Low Voltage
2018-08-21 07:59:00,142,Low Voltage
2018-08-21 13:59:00,252,High Voltage
2018-08-21 19:59:00,233,Stable
2018-08-21 23:59:00,252,High Voltage
2018-08-22 07:59:00,201,Low Voltage
2018-08-22 13:59:00,239,Stable
2018-08-22 19:59:00,241,High Voltage
2018-08-22 23:59:00,224,Stable
2018-08-23 07:59:00,222,Stable
2018-08-23 13:59:00,185,Low Voltage
2018-08-23 19:59:00,225,Stable
2018-08-23 23:59:00,243,High Voltage
2018-08-24 07:59:00,246,High Voltage
2018-08-24 13:59:00,233,Stable
2018-08-24 19:59:00,190,Low Voltage
2018-08-24 23:59:00,192,Low Voltage
2018-08-25 07:59:00,253,High Voltage
2018-08-25 13:59:00,252,High Voltage
2018-08-25 19:59:00,0,Power Outage
2018-08-25 23:59:00,234,Stable
2018-08-26 07:59:00,171,Low Voltage
2018-08-26 13:59:00,130,Low Voltage
2018-08-26 19:59:00,196,Low Voltage
2018-08-26 23:59:00,238,Stable
2018-08-27 07:59:00,233,Stable
2018-08-27 13:59:00,235,Stable
2018-08-27 19:59:00,207,Low Voltage
2018-08-27 23:59:00,183,Low Voltage
2018-08-28 07:59:00,252,High Voltage
2018-08-28 13:59:00,238,Stable
2018-08-28 19:59:00,225,Stable
2018-08-28 23:59:00,172,Low Voltage
2018-08-29 07:59:00,223,Stable
2018-08-29 13:59:00,126,Low Voltage
2018-08-29 19:59:00,152,Low Voltage
2018-08-29 23:59:00,178,Low Voltage
2018-08-30 07:59:00,254,High Voltage
2018-08-30 13:59:00,174,Low Voltage
2018-08-30 19:59:00,257,High Voltage
2018-08-30 23:59:00,252,High Voltage
2018-08-31 07:59:00,0,Power Outage
2018-08-31 13:59:00,241,High Voltage
2018-08-31 19:59:00,140,Low Voltage
2018-08-31 23:59:00,223,Stable
2018-09-01 07:59:00,137,Low Voltage
2018-09-01 13:59:00,231,Stable
2018-09-01 19:59:00,231,Stable
2018-09-01 23:59:00,227,Stable
2018-09-02 07:59:00,137,Low Voltage
2018-09-02 13:59:00,257,High Voltage
2018-09-02 19:59:00,240,Stable
2018-09-02 23:59:00,237,Stable
2018-09-03 07:59:00,206,Low Voltage
2018-09-03 13:59:00,222,Stable
2018-09-03 19:59:00,245,High Voltage
2018-09-03 23:59:00,202,Low Voltage
2018-09-04 07:59:00,205,Low Voltage
2018-09-04 13:59:00,238,Stable
2018-09-04 19:59:00,256,High Voltage
2018-09-04 23:59:00,255,High Voltage
2018-09-05 07:59:00,231,Stable
2018-09-05 13:59:00,258,High Voltage
2018-09-05 19:59:00,181,Low Voltage
2018-09-05 23:59:00,152,Low Voltage
2018-09-06 07:59:00,145,Low Voltage
2018-09-06 13:59:00,238,Stable
2018-09-06 19:59:00,225,Stable
2018-09-06 23:59:00,229,Stable
2018-09-07 07:59:00,198,Low Voltage
2018-09-07 13:59:00,226,Stable
2018-09-07 19:59:00,232,Stable
2018-09-07 23:59:00,233,Stable
2018-09-08 07:59:00,240,Stable
2018-09-08 13:59:00,222,Stable
2018-09-08 19:59:00,260,High Voltage
2018-09-08 23:59:00,232,Stable
2018-09-09 07:59:00,248,High Voltage
2018-09-09 13:59:00,164,Low Voltage
2018-09-09 19:59:00,233,Stable
2018-09-09 23:59:00,248,High Voltage
2018-09-10 07:59:00,216,Low Voltage
2018-09-10 13:59:00,165,Low Voltage
2018-09-10 19:59:00,233,Stable
2018-09-10 23:59:00,223,Stable
2018-09-11 07:59:00,222,Stable
2018-09-11 13:59:00,182,Low Voltage
2018-09-11 19:59:00,229,Stable
2018-09-11 23:59:00,230,Stable
2018-09-12 07:59:00,233,Stable
2018-09-12 13:59:00,0,Power Outage
2018-09-12 19:59:00,183,Low Voltage
2018-09-12 23:59:00,232,Stable
2018-09-13 07:59:00,247,High Voltage
2018-09-13 13:59:00,230,Stable
2018-09-13 19:59:00,223,Stable
2018-09-13 23:59:00,158,Low Voltage
2018-09-14 07:59:00,235,Stable
2018-09-14 13:59:00,190,Low Voltage
2018-09-14 19:59:00,167,Low Voltage
2018-09-14 23:59:00,0,Power Outage
2018-09-15 07:59:00,235,Stable
2018-09-15 13:59:00,225,Stable
2018-09-15 19:59:00,162,Low Voltage
2018-09-15 23:59:00,226,Stable
2018-09-16 07:59:00,198,Low Voltage
2018-09-16 13:59:00,179,Low Voltage
2018-09-16 19:59:00,220,Low Voltage
2018-09-16 23:59:00,208,Low Voltage
2018-09-17 07:59:00,225,Stable
2018-09-17 13:59:00,143,Low Voltage
2018-09-17 19:59:00,236,Stable
2018-09-17 23:59:00,232,Stable
2018-09-18 07:59:00,205,Low Voltage
2018-09-18 13:59:00,222,Stable
2018-09-18 19:59:00,260,High Voltage
2018-09-18 23:59:00,259,High Voltage
2018-09-19 07:59:00,153,Low Voltage
2018-09-19 13:59:00,245,High Voltage
2018-09-19 19:59:00,232,Stable
2018-09-19 23:59:00,195,Low Voltage
2018-09-20 07:59:00,229,Stable
2018-09-20 13:59:00,133,Low Voltage
2018-09-20 19:59:00,236,Stable
2018-09-20 23:59:00,197,Low Voltage
2018-09-21 07:59:00,124,Low Voltage
2018-09-21 13:59:00,170,Low Voltage
2018-09-21 19:59:00,134,Low Voltage
2018-09-21 23:59:00,258,High Voltage
2018-09-22 07:59:00,249,High Voltage
2018-09-22 13:59:00,228,Stable
2018-09-22 19:59:00,129,Low Voltage
2018-09-22 23:59:00,248,High Voltage
2018-09-23 07:59:00,132,Low Voltage
2018-09-23 13:59:00,174,Low Voltage
2018-09-23 19:59:00,122,Low Voltage
2018-09-23 23:59:00,259,High Voltage
2018-09-24 07:59:00,262,High Voltage
2018-09-24 13:59:00,181,Low Voltage
2018-09-24 19:59:00,227,Stable
2018-09-24 23:59:00,193,Low Voltage
2018-09-25 07:59:00,178,Low Voltage
2018-09-25 13:59:00,161,Low Voltage
2018-09-25 19:59:00,196,Low Voltage
2018-09-25 23:59:00,236,Stable
2018-09-26 07:59:00,254,High Voltage
2018-09-26 13:59:00,150,Low Voltage
2018-09-26 19:59:00,261,High Voltage
2018-09-26 23:59:00,0,Power Outage
2018-09-27 07:59:00,131,Low Voltage
2018-09-27 13:59:00,142,Low Voltage
2018-09-27 19:59:00,235,Stable
2018-09-27 23:59:00,137,Low Voltage
2018-09-28 07:59:00,147,Low Voltage
2018-09-28 13:59:00,0,Power Outage
2018-09-28 19:59:00,244,High Voltage
2018-09-28 23:59:00,248,High Voltage
2018-09-29 07:59:00,120,Low Voltage
2018-09-29 13:59:00,225,Stable
2018-09-29 19:59:00,192,Low Voltage
2018-09-29 23:59:00,223,Stable
2018-09-30 07:59:00,223,Stable
2018-09-30 13:59:00,229,Stable
2018-09-30 19:59:00,231,Stable
2018-09-30 23:59:00,196,Low Voltage
2018-10-01 07:59:00,219,Low Voltage
2018-10-01 13:59:00,187,Low Voltage
2018-10-01 19:59:00,216,Low Voltage
2018-10-01 23:59:00,240,Stable
2018-10-02 07:59:00,140,Low Voltage
2018-10-02 13:59:00,227,Stable
2018-10-02 19:59:00,233,Stable
2018-10-02 23:59:00,259,High Voltage
2018-10-03 07:59:00,239,Stable
2018-10-03 13:59:00,225,Stable
2018-10-03 19:59:00,261,High Voltage
2018-10-03 23:59:00,185,Low Voltage
2018-10-04 07:59:00,237,Stable
2018-10-04 13:59:00,240,Stable
2018-10-04 19:59:00,231,Stable
2018-10-04 23:59:00,183,Low Voltage
2018-10-05 07:59:00,167,Low Voltage
2018-10-05 13:59:00,198,Low Voltage
2018-10-05 19:59:00,160,Low Voltage
2018-10-05 23:59:00,227,Stable
2018-10-06 07:59:00,140,Low Voltage
2018-10-06 13:59:00,126,Low Voltage
2018-10-06 19:59:00,198,Low Voltage
2018-10-06 23:59:00,230,Stable
2018-10-07 07:59:00,249,High Voltage
2018-10-07 13:59:00,234,Stable
2018-10-07 19:59:00,247,High Voltage
2018-10-07 23:59:00,162,Low Voltage
2018-10-08 07:59:00,178,Low Voltage
2018-10-08 13:59:00,238,Stable
2018-10-08 19:59:00,125,Low Voltage
2018-10-08 23:59:00,236,Stable
2018-10-09 07:59:00,217,Low Voltage
2018-10-09 13:59:00,232,Stable
2018-10-09 19:59:00,163,Low Voltage
2018-10-09 23:59:00,177,Low Voltage
2018-10-10 07:59:00,225,Stable
2018-10-10 13:59:00,230,Stable
2018-10-10 19:59:00,252,High Voltage
2018-10-10 23:59:00,231,Stable
2018-10-11 07:59:00,237,Stable
2018-10-11 13:59:00,134,Low Voltage
2018-10-11 19:59:00,238,Stable
2018-10-11 23:59:00,232,Stable
2018-10-12 07:59:00,120,Low Voltage
2018-10-12 13:59:00,207,Low Voltage
2018-10-12 19:59:00,245,High Voltage
2018-10-12 23:59:00,217,Low Voltage
2018-10-13 07:59:00,137,Low Voltage
2018-10-13 13:59:00,157,Low Voltage
2018-10-13 19:59:00,248,High Voltage
2018-10-13 23:59:00,230,Stable
2018-10-14 07:59:00,173,Low Voltage
2018-10-14 13:59:00,221,Stable
2018-10-14 19:59:00,221,Stable
2018-10-14 23:59:00,246,High Voltage
2018-10-15 07:59:00,153,Low Voltage
2018-10-15 13:59:00,119,Low Voltage
2018-10-15 19:59:00,0,Power Outage
2018-10-15 23:59:00,232,Stable
2018-10-16 07:59:00,235,Stable
2018-10-16 13:59:00,239,Stable
2018-10-16 19:59:00,237,Stable
2018-10-16 23:59:00,221,Stable
2018-10-17 07:59:00,242,High Voltage
2018-10-17 13:59:00,225,Stable
2018-10-17 19:59:00,227,Stable
2018-10-17 23:59:00,201,Low Voltage
2018-10-18 07:59:00,246,High Voltage
2018-10-18 13:59:00,201,Low Voltage
2018-10-18 19:59:00,225,Stable
2018-10-18 23:59:00,236,Stable
2018-10-19 07:59:00,229,Stable
2018-10-19 13:59:00,225,Stable
2018-10-19 19:59:00,215,Low Voltage
2018-10-19 23:59:00,0,Power Outage
2018-10-20 07:59:00,234,Stable
2018-10-20 13:59:00,0,Power Outage
2018-10-20 19:59:00,234,Stable
2018-10-20 23:59:00,251,High Voltage
2018-10-21 07:59:00,121,Low Voltage
2018-10-21 13:59:00,258,High Voltage
2018-10-21 19:59:00,160,Low Voltage
2018-10-21 23:59:00,229,Stable
2018-10-22 07:59:00,136,Low Voltage
2018-10-22 13:59:00,238,Stable
2018-10-22 19:59:00,200,Low Voltage
2018-10-22 23:59:00,238,Stable
2018-10-23 07:59:00,167,Low Voltage
2018-10-23 13:59:00,237,Stable
2018-10-23 19:59:00,157,Low Voltage
2018-10-23 23:59:00,225,Stable
2018-10-24 07:59:00,251,High Voltage
2018-10-24 13:59:00,222,Stable
2018-10-24 19:59:00,233,Stable
2018-10-24 23:59:00,142,Low Voltage
2018-10-25 07:59:00,221,Stable
2018-10-25 13:59:00,232,Stable
2018-10-25 19:59:00,251,High Voltage
2018-10-25 23:59:00,226,Stable
2018-10-26 07:59:00,226,Stable
2018-10-26 13:59:00,149,Low Voltage
2018-10-26 19:59:00,174,Low Voltage
2018-10-26 23:59:00,230,Stable
2018-10-27 07:59:00,225,Stable
2018-10-27 13:59:00,140,Low Voltage
2018-10-27 19:59:00,234,Stable
2018-10-27 23:59:00,253,High Voltage
2018-10-28 07:59:00,232,Stable
2018-10-28 13:59:00,199,Low Voltage
2018-10-28 19:59:00,238,Stable
2018-10-28 23:59:00,245,High Voltage
2018-10-29 07:59:00,238,Stable
2018-10-29 13:59:00,248,High Voltage
2018-10-29 19:59:00,219,Low Voltage
2018-10-29 23:59:00,234,Stable
2018-10-30 07:59:00,146,Low Voltage
2018-10-30 13:59:00,222,Stable
2018-10-30 19:59:00,258,High Voltage
2018-10-30 23:59:00,164,Low Voltage
2018-10-31 07:59:00,223,Stable
2018-10-31 13:59:00,213,Low Voltage
2018-10-31 19:59:00,169,Low Voltage
2018-10-31 23:59:00,182,Low Voltage
2018-11-01 07:59:00,234,Stable
2018-11-01 13:59:00,157,Low Voltage
2018-11-01 19:59:00,174,Low Voltage
2018-11-01 23:59:00,241,High Voltage
2018-11-02 07:59:00,126,Low Voltage
2018-11-02 13:59:00,149,Low Voltage
2018-11-02 19:59:00,120,Low Voltage
2018-11-02 23:59:00,221,Stable
2018-11-03 07:59:00,121,Low Voltage
2018-11-03 13:59:00,163,Low Voltage
2018-11-03 19:59:00,232,Stable
2018-11-03 23:59:00,245,High Voltage
2018-11-04 07:59:00,137,Low Voltage
2018-11-04 13:59:00,232,Stable
2018-11-04 19:59:00,227,Stable
2018-11-04 23:59:00,207,Low Voltage
2018-11-05 07:59:00,231,Stable
2018-11-05 13:59:00,239,Stable
2018-11-05 19:59:00,221,Stable
2018-11-05 23:59:00,217,Low Voltage
2018-11-06 07:59:00,187,Low Voltage
2018-11-06 13:59:00,242,High Voltage
2018-11-06 19:59:00,225,Stable
2018-11-06 23:59:00,230,Stable
2018-11-07 07:59:00,220,Low Voltage
2018-11-07 13:59:00,233,Stable
2018-11-07 19:59:00,116,Low Voltage
2018-11-07 23:59:00,225,Stable
2018-11-08 07:59:00,262,High Voltage
2018-11-08 13:59:00,229,Stable
2018-11-08 19:59:00,223,Stable
2018-11-08 23:59:00,237,Stable
2018-11-09 07:59:00,154,Low Voltage
2018-11-09 13:59:00,120,Low Voltage
2018-11-09 19:59:00,221,Stable
2018-11-09 23:59:00,254,High Voltage
2018-11-10 07:59:00,223,Stable
2018-11-10 13:59:00,238,Stable
2018-11-10 19:59:00,0,Power Outage
2018-11-10 23:59:00,246,High Voltage
2018-11-11 07:59:00,215,Low Voltage
2018-11-11 13:59:00,141,Low Voltage
2018-11-11 19:59:00,239,Stable
2018-11-11 23:59:00,0,Power Outage
2018-11-12 07:59:00,229,Stable
2018-11-12 13:59:00,225,Stable
2018-11-12 19:59:00,260,High Voltage
2018-11-12 23:59:00,0,Power Outage
2018-11-13 07:59:00,218,Low Voltage
2018-11-13 13:59:00,220,Low Voltage
2018-11-13 19:59:00,123,Low Voltage
2018-11-13 23:59:00,135,Low Voltage
2018-11-14 07:59:00,221,Stable
2018-11-14 13:59:00,117,Low Voltage
2018-11-14 19:59:00,232,Stable
2018-11-14 23:59:00,249,High Voltage
2018-11-15 07:59:00,230,Stable
2018-11-15 13:59:00,221,Stable
2018-11-15 19:59:00,252,High Voltage
2018-11-15 23:59:00,0,Power Outage
2018-11-16 07:59:00,237,Stable
2018-11-16 13:59:00,193,Low Voltage
2018-11-16 19:59:00,233,Stable
2018-11-16 23:59:00,209,Low Voltage
2018-11-17 07:59:00,226,Stable
2018-11-17 13:59:00,256,High Voltage
2018-11-17 19:59:00,240,Stable
2018-11-17 23:59:00,252,High Voltage
2018-11-18 07:59:00,119,Low Voltage
2018-11-18 13:59:00,221,Stable
2018-11-18 19:59:00,230,Stable
2018-11-18 23:59:00,228,Stable
2018-11-19 07:59:00,210,Low Voltage
2018-11-19 13:59:00,228,Stable
2018-11-19 19:59:00,221,Stable
2018-11-19 23:59:00,125,Low Voltage
2018-11-20 07:59:00,201,Low Voltage
2018-11-20 13:59:00,193,Low Voltage
2018-11-20 19:59:00,177,Low Voltage
2018-11-20 23:59:00,230,Stable
2018-11-21 07:59:00,251,High Voltage
2018-11-21 13:59:00,222,Stable
2018-11-21 19:59:00,0,Power Outage
2018-11-21 23:59:00,238,Stable
2018-11-22 07:59:00,223,Stable
2018-11-22 13:59:00,251,High Voltage
2018-11-22 19:59:00,238,Stable
2018-11-22 23:59:00,237,Stable
2018-11-23 07:59:00,240,Stable
2018-11-23 13:59:00,231,Stable
2018-11-23 19:59:00,119,Low Voltage
2018-11-23 23:59:00,0,Power Outage
2018-11-24 07:59:00,123,Low Voltage
2018-11-24 13:59:00,227,Stable
2018-11-24 19:59:00,157,Low Voltage
2018-11-24 23:59:00,160,Low Voltage
2018-11-25 07:59:00,215,Low Voltage
2018-11-25 13:59:00,234,Stable
2018-11-25 19:59:00,212,Low Voltage
2018-11-25 23:59:00,166,Low Voltage
2018-11-26 07:59:00,262,High Voltage
2018-11-26 13:59:00,223,Stable
2018-11-26 19:59:00,226,Stable
2018-11-26 23:59:00,198,Low Voltage
2018-11-27 07:59:00,258,High Voltage
2018-11-27 13:59:00,210,Low Voltage
2018-11-27 19:59:00,233,Stable
2018-11-27 23:59:00,239,Stable
2018-11-28 07:59:00,239,Stable
2018-11-28 13:59:00,255,High Voltage
2018-11-28 19:59:00,258,High Voltage
2018-11-28 23:59:00,228,Stable
2018-11-29 07:59:00,256,High Voltage
2018-11-29 13:59:00,240,Stable
2018-11-29 19:59:00,195,Low Voltage
2018-11-29 23:59:00,253,High Voltage
2018-11-30 07:59:00,167,Low Voltage
2018-11-30 13:59:00,151,Low Voltage
2018-11-30 19:59:00,252,High Voltage
2018-11-30 23:59:00,143,Low Voltage
2018-12-01 07:59:00,175,Low Voltage
2018-12-01 13:59:00,261,High Voltage
2018-12-01 19:59:00,183,Low Voltage
2018-12-01 23:59:00,118,Low Voltage
2018-12-02 07:59:00,231,Stable
2018-12-02 13:59:00,159,Low Voltage
2018-12-02 19:59:00,206,Low Voltage
2018-12-02 23:59:00,228,Stable
2018-12-03 07:59:00,221,Stable
2018-12-03 13:59:00,211,Low Voltage
2018-12-03 19:59:00,253,High Voltage
2018-12-03 23:59:00,147,Low Voltage
2018-12-04 07:59:00,248,High Voltage
2018-12-04 13:59:00,237,Stable
2018-12-04 19:59:00,207,Low Voltage
2018-12-04 23:59:00,0,Power Outage
2018-12-05 07:59:00,236,Stable
2018-12-05 13:59:00,224,Stable
2018-12-05 19:59:00,221,Stable
2018-12-05 23:59:00,239,Stable
2018-12-06 07:59:00,231,Stable
2018-12-06 13:59:00,236,Stable
2018-12-06 19:59:00,143,Low Voltage
2018-12-06 23:59:00,0,Power Outage
2018-12-07 07:59:00,155,Low Voltage
2018-12-07 13:59:00,154,Low Voltage
2018-12-07 19:59:00,127,Low Voltage
2018-12-07 23:59:00,139,Low Voltage
2018-12-08 07:59:00,120,Low Voltage
2018-12-08 13:59:00,0,Power Outage
2018-12-08 19:59:00,222,Stable
2018-12-08 23:59:00,150,Low Voltage
2018-12-09 07:59:00,233,Stable
2018-12-09 13:59:00,221,Stable
2018-12-09 19:59:00,218,Low Voltage
2018-12-09 23:59:00,162,Low Voltage
2018-12-10 07:59:00,253,High Voltage
2018-12-10 13:59:00,250,High Voltage
2018-12-10 19:59:00,236,Stable
2018-12-10 23:59:00,185,Low Voltage
2018-12-11 07:59:00,240,Stable
2018-12-11 13:59:00,240,Stable
2018-12-11 19:59:00,226,Stable
2018-12-11 23:59:00,222,Stable
2018-12-12 07:59:00,227,Stable
2018-12-12 13:59:00,221,Stable
2018-12-12 19:59:00,146,Low Voltage
2018-12-12 23:59:00,238,Stable
2018-12-13 07:59:00,214,Low Voltage
2018-12-13 13:59:00,225,Stable
2018-12-13 19:59:00,213,Low Voltage
2018-12-13 23:59:00,230,Stable
2018-12-14 07:59:00,146,Low Voltage
2018-12-14 13:59:00,230,Stable
2018-12-14 19:59:00,238,Stable
2018-12-14 23:59:00,221,Stable
2018-12-15 07:59:00,222,Stable
2018-12-15 13:59:00,232,Stable
2018-12-15 19:59:00,186,Low Voltage
2018-12-15 23:59:00,224,Stable
2018-12-16 07:59:00,198,Low Voltage
2018-12-16 13:59:00,229,Stable
2018-12-16 19:59:00,0,Power Outage
2018-12-16 23:59:00,164,Low Voltage
2018-12-17 07:59:00,229,Stable
2018-12-17 13:59:00,236,Stable
2018-12-17 19:59:00,257,High Voltage
2018-12-17 23:59:00,223,Stable
2018-12-18 07:59:00,210,Low Voltage
2018-12-18 13:59:00,232,Stable
2018-12-18 19:59:00,248,High Voltage
2018-12-18 23:59:00,227,Stable
2018-12-19 07:59:00,188,Low Voltage
2018-12-19 13:59:00,258,High Voltage
2018-12-19 19:59:00,172,Low Voltage
2018-12-19 23:59:00,216,Low Voltage
2018-12-20 07:59:00,243,High Voltage
2018-12-20 13:59:00,242,High Voltage
2018-12-20 19:59:00,229,Stable
2018-12-20 23:59:00,158,Low Voltage
2018-12-21 07:59:00,236,Stable
2018-12-21 13:59:00,250,High Voltage
2018-12-21 19:59:00,126,Low Voltage
2018-12-21 23:59:00,233,Stable
2018-12-22 07:59:00,253,High Voltage
2018-12-22 13:59:00,254,High Voltage
2018-12-22 19:59:00,229,Stable
2018-12-22 23:59:00,116,Low Voltage
2018-12-23 07:59:00,156,Low Voltage
2018-12-23 13:59:00,190,Low Voltage
2018-12-23 19:59:00,150,Low Voltage
2018-12-23 23:59:00,128,Low Voltage
2018-12-24 07:59:00,189,Low Voltage
2018-12-24 13:59:00,202,Low Voltage
2018-12-24 19:59:00,166,Low Voltage
2018-12-24 23:59:00,241,High Voltage
2018-12-25 07:59:00,158,Low Voltage
2018-12-25 13:59:00,119,Low Voltage
2018-12-25 19:59:00,129,Low Voltage
2018-12-25 23:59:00,120,Low Voltage
2018-12-26 07:59:00,227,Stable
2018-12-26 13:59:00,240,Stable
2018-12-26 19:59:00,223,Stable
2018-12-26 23:59:00,223,Stable
2018-12-27 07:59:00,132,Low Voltage
2018-12-27 13:59:00,232,Stable
2018-12-27 19:59:00,195,Low Voltage
2018-12-27 23:59:00,213,Low Voltage
2018-12-28 07:59:00,222,Stable
2018-12-28 13:59:00,129,Low Voltage
2018-12-28 19:59:00,117,Low Voltage
2018-12-28 23:59:00,173,Low Voltage
2018-12-29 07:59:00,262,High Voltage
2018-12-29 13:59:00,219,Low Voltage
2018-12-29 19:59:00,258,High Voltage
2018-12-29 23:59:00,121,Low Voltage
2018-12-30 07:59:00,259,High Voltage
2018-12-30 13:59:00,224,Stable
2018-12-30 19:59:00,222,Stable
2018-12-30 23:59:00,259,High Voltage
2018-12-31 07:59:00,244,High Voltage
2018-12-31 13:59:00,219,Low Voltage
2018-12-31 19:59:00,0,Power Outage
2018-12-31 23:59:00,125,Low Voltage
2019-01-01 07:59:00,122,Low Voltage
2019-01-01 13:59:00,131,Low Voltage
2019-01-01 19:59:00,174,Low Voltage
2019-01-01 23:59:00,247,High Voltage
2019-01-02 07:59:00,219,Low Voltage
2019-01-02 13:59:00,222,Stable
2019-01-02 19:59:00,228,Stable
2019-01-02 23:59:00,139,Low Voltage
2019-01-03 07:59:00,232,Stable
2019-01-03 13:59:00,199,Low Voltage
2019-01-03 19:59:00,142,Low Voltage
2019-01-03 23:59:00,232,Stable
2019-01-04 07:59:00,249,High Voltage
2019-01-04 13:59:00,119,Low Voltage
2019-01-04 19:59:00,0,Power Outage
2019-01-04 23:59:00,151,Low Voltage
2019-01-05 07:59:00,235,Stable
2019-01-05 13:59:00,227,Stable
2019-01-05 19:59:00,230,Stable
2019-01-05 23:59:00,240,Stable
2019-01-06 07:59:00,188,Low Voltage
2019-01-06 13:59:00,125,Low Voltage
2019-01-06 19:59:00,236,Stable
2019-01-06 23:59:00,256,High Voltage
2019-01-07 07:59:00,233,Stable
2019-01-07 13:59:00,133,Low Voltage
2019-01-07 19:59:00,252,High Voltage
2019-01-07 23:59:00,239,Stable
2019-01-08 07:59:00,222,Stable
2019-01-08 13:59:00,209,Low Voltage
2019-01-08 19:59:00,193,Low Voltage
2019-01-08 23:59:00,220,Low Voltage
2019-01-09 07:59:00,146,Low Voltage
2019-01-09 13:59:00,118,Low Voltage
2019-01-09 19:59:00,234,Stable
2019-01-09 23:59:00,0,Power Outage
2019-01-10 07:59:00,209,Low Voltage
2019-01-10 13:59:00,232,Stable
2019-01-10 19:59:00,196,Low Voltage
2019-01-10 23:59:00,192,Low Voltage
2019-01-11 07:59:00,119,Low Voltage
2019-01-11 13:59:00,127,Low Voltage
2019-01-11 19:59:00,154,Low Voltage
2019-01-11 23:59:00,221,Stable
2019-01-12 07:59:00,127,Low Voltage
2019-01-12 13:59:00,138,Low Voltage
2019-01-12 19:59:00,238,Stable
2019-01-12 23:59:00,251,High Voltage
2019-01-13 07:59:00,240,Stable
2019-01-13 13:59:00,232,Stable
2019-01-13 19:59:00,205,Low Voltage
2019-01-13 23:59:00,144,Low Voltage
2019-01-14 07:59:00,223,Stable
2019-01-14 13:59:00,232,Stable
2019-01-14 19:59:00,221,Stable
2019-01-14 23:59:00,130,Low Voltage
2019-01-15 07:59:00,0,Power Outage
2019-01-15 13:59:00,193,Low Voltage
2019-01-15 19:59:00,230,Stable
2019-01-15 23:59:00,235,Stable
2019-01-16 07:59:00,228,Stable
2019-01-16 13:59:00,152,Low Voltage
2019-01-16 19:59:00,0,Power Outage
2019-01-16 23:59:00,124,Low Voltage
2019-01-17 07:59:00,236,Stable
2019-01-17 13:59:00,138,Low Voltage
2019-01-17 19:59:00,0,Power Outage
2019-01-17 23:59:00,198,Low Voltage
2019-01-18 07:59:00,126,Low Voltage
2019-01-18 13:59:00,142,Low Voltage
2019-01-18 19:59:00,135,Low Voltage
2019-01-18 23:59:00,224,Stable
2019-01-19 07:59:00,243,High Voltage
2019-01-19 13:59:00,248,High Voltage
2019-01-19 19:59:00,227,Stable
2019-01-19 23:59:00,236,Stable
2019-01-20 07:59:00,136,Low Voltage
2019-01-20 13:59:00,237,Stable
2019-01-20 19:59:00,221,Stable
2019-01-20 23:59:00,230,Stable
2019-01-21 07:59:00,151,Low Voltage
2019-01-21 13:59:00,225,Stable
2019-01-21 19:59:00,257,High Voltage
2019-01-21 23:59:00,261,High Voltage
2019-01-22 07:59:00,134,Low Voltage
2019-01-22 13:59:00,144,Low Voltage
2019-01-22 19:59:00,233,Stable
2019-01-22 23:59:00,247,High Voltage
2019-01-23 07:59:00,194,Low Voltage
2019-01-23 13:59:00,241,High Voltage
2019-01-23 19:59:00,145,Low Voltage
2019-01-23 23:59:00,229,Stable
2019-01-24 07:59:00,117,Low Voltage
2019-01-24 13:59:00,128,Low Voltage
2019-01-24 19:59:00,223,Stable
2019-01-24 23:59:00,173,Low Voltage
2019-01-25 07:59:00,261,High Voltage
2019-01-25 13:59:00,200,Low Voltage
2019-01-25 19:59:00,152,Low Voltage
2019-01-25 23:59:00,222,Stable
2019-01-26 07:59:00,135,Low Voltage
2019-01-26 13:59:00,239,Stable
2019-01-26 19:59:00,253,High Voltage
2019-01-26 23:59:00,232,Stable
2019-01-27 07:59:00,199,Low Voltage
2019-01-27 13:59:00,222,Stable
2019-01-27 19:59:00,229,Stable
2019-01-27 23:59:00,235,Stable
2019-01-28 07:59:00,178,Low Voltage
2019-01-28 13:59:00,206,Low Voltage
2019-01-28 19:59:00,159,Low Voltage
2019-01-28 23:59:00,231,Stable
2019-01-29 07:59:00,221,Stable
2019-01-29 13:59:00,175,Low Voltage
2019-01-29 19:59:00,260,High Voltage
2019-01-29 23:59:00,246,High Voltage
2019-01-30 07:59:00,240,Stable
2019-01-30 13:59:00,179,Low Voltage
2019-01-30 19:59:00,127,Low Voltage
2019-01-30 23:59:00,0,Power Outage
2019-01-31 07:59:00,116,Low Voltage
2019-01-31 13:59:00,122,Low Voltage
2019-01-31 19:59:00,233,Stable
2019-01-31 23:59:00,154,Low Voltage
2019-02-01 07:59:00,0,Power Outage
2019-02-01 13:59:00,239,Stable
2019-02-01 19:59:00,234,Stable
2019-02-01 23:59:00,142,Low Voltage
2019-02-02 07:59:00,237,Stable
2019-02-02 13:59:00,233,Stable
2019-02-02 19:59:00,122,Low Voltage
2019-02-02 23:59:00,229,Stable
2019-02-03 07:59:00,227,Stable
2019-02-03 13:59:00,231,Stable
2019-02-03 19:59:00,229,Stable
2019-02-03 23:59:00,194,Low Voltage
2019-02-04 07:59:00,237,Stable
2019-02-04 13:59:00,221,Stable
2019-02-04 19:59:00,137,Low Voltage
2019-02-04 23:59:00,221,Stable
2019-02-05 07:59:00,225,Stable
2019-02-05 13:59:00,156,Low Voltage
2019-02-05 19:59:00,120,Low Voltage
2019-02-05 23:59:00,261,High Voltage
2019-02-06 07:59:00,224,Stable
2019-02-06 13:59:00,236,Stable
2019-02-06 19:59:00,210,Low Voltage
2019-02-06 23:59:00,217,Low Voltage
2019-02-07 07:59:00,197,Low Voltage
2019-02-07 13:59:00,249,High Voltage
2019-02-07 19:59:00,239,Stable
2019-02-07 23:59:00,244,High Voltage
2019-02-08 07:59:00,228,Stable
2019-02-08 13:59:00,231,Stable
2019-02-08 19:59:00,256,High Voltage
2019-02-08 23:59:00,160,Low Voltage
2019-02-09 07:59:00,223,Stable
2019-02-09 13:59:00,222,Stable
2019-02-09 19:59:00,222,Stable
2019-02-09 23:59:00,225,Stable
2019-02-10 07:59:00,243,High Voltage
2019-02-10 13:59:00,228,Stable
2019-02-10 19:59:00,0,Power Outage
2019-02-10 23:59:00,210,Low Voltage
2019-02-11 07:59:00,178,Low Voltage
2019-02-11 13:59:00,194,Low Voltage
2019-02-11 19:59:00,227,Stable
2019-02-11 23:59:00,231,Stable
2019-02-12 07:59:00,239,Stable
2019-02-12 13:59:00,127,Low Voltage
2019-02-12 19:59:00,222,Stable
2019-02-12 23:59:00,158,Low Voltage
2019-02-13 07:59:00,221,Stable
2019-02-13 13:59:00,129,Low Voltage
2019-02-13 19:59:00,228,Stable
2019-02-13 23:59:00,222,Stable
2019-02-14 07:59:00,227,Stable
2019-02-14 13:59:00,170,Low Voltage
2019-02-14 19:59:00,128,Low Voltage
2019-02-14 23:59:00,211,Low Voltage
2019-02-15 07:59:00,225,Stable
2019-02-15 13:59:00,129,Low Voltage
2019-02-15 19:59:00,227,Stable
2019-02-15 23:59:00,186,Low Voltage
2019-02-16 07:59:00,165,Low Voltage
2019-02-16 13:59:00,159,Low Voltage
2019-02-16 19:59:00,254,High Voltage
2019-02-16 23:59:00,237,Stable
2019-02-17 07:59:00,0,Power Outage
2019-02-17 13:59:00,236,Stable
2019-02-17 19:59:00,135,Low Voltage
2019-02-17 23:59:00,233,Stable
2019-02-18 07:59:00,159,Low Voltage
2019-02-18 13:59:00,215,Low Voltage
2019-02-18 19:59:00,217,Low Voltage
2019-02-18 23:59:00,238,Stable
2019-02-19 07:59:00,132,Low Voltage
2019-02-19 13:59:00,0,Power Outage
2019-02-19 19:59:00,0,Power Outage
2019-02-19 23:59:00,223,Stable
2019-02-20 07:59:00,240,Stable
2019-02-20 13:59:00,175,Low Voltage
2019-02-20 19:59:00,230,Stable
2019-02-20 23:59:00,228,Stable
2019-02-21 07:59:00,228,Stable
2019-02-21 13:59:00,228,Stable
2019-02-21 19:59:00,180,Low Voltage
2019-02-21 23:59:00,124,Low Voltage
2019-02-22 07:59:00,246,High Voltage
2019-02-22 13:59:00,235,Stable
2019-02-22 19:59:00,205,Low Voltage
2019-02-22 23:59:00,225,Stable
2019-02-23 07:59:00,119,Low Voltage
2019-02-23 13:59:00,142,Low Voltage
2019-02-23 19:59:00,240,Stable
2019-02-23 23:59:00,236,Stable
2019-02-24 07:59:00,198,Low Voltage
2019-02-24 13:59:00,222,Stable
2019-02-24 19:59:00,199,Low Voltage
2019-02-24 23:59:00,252,High Voltage
2019-02-25 07:59:00,206,Low Voltage
2019-02-25 13:59:00,0,Power Outage
2019-02-25 19:59:00,131,Low Voltage
2019-02-25 23:59:00,229,Stable
2019-02-26 07:59:00,235,Stable
2019-02-26 13:59:00,260,High Voltage
2019-02-26 19:59:00,171,Low Voltage
2019-02-26 23:59:00,226,Stable
2019-02-27 07:59:00,237,Stable
2019-02-27 13:59:00,221,Stable
2019-02-27 19:59:00,232,Stable
2019-02-27 23:59:00,233,Stable
2019-02-28 07:59:00,254,High Voltage
2019-02-28 13:59:00,249,High Voltage
2019-02-28 19:59:00,150,Low Voltage
2019-02-28 23:59:00,176,Low Voltage
2019-03-01 07:59:00,175,Low Voltage
2019-03-01 13:59:00,154,Low Voltage
2019-03-01 19:59:00,238,Stable
2019-03-01 23:59:00,204,Low Voltage
2019-03-02 07:59:00,241,High Voltage
2019-03-02 13:59:00,250,High Voltage
2019-03-02 19:59:00,233,Stable
2019-03-02 23:59:00,223,Stable
2019-03-03 07:59:00,233,Stable
2019-03-03 13:59:00,125,Low Voltage
2019-03-03 19:59:00,228,Stable
2019-03-03 23:59:00,223,Stable
2019-03-04 07:59:00,227,Stable
2019-03-04 13:59:00,0,Power Outage
2019-03-04 19:59:00,178,Low Voltage
2019-03-04 23:59:00,231,Stable
2019-03-05 07:59:00,254,High Voltage
2019-03-05 13:59:00,229,Stable
2019-03-05 19:59:00,237,Stable
2019-03-05 23:59:00,216,Low Voltage
2019-03-06 07:59:00,233,Stable
2019-03-06 13:59:00,253,High Voltage
2019-03-06 19:59:00,202,Low Voltage
2019-03-06 23:59:00,230,Stable
2019-03-07 07:59:00,240,Stable
2019-03-07 13:59:00,194,Low Voltage
2019-03-07 19:59:00,152,Low Voltage
2019-03-07 23:59:00,235,Stable
2019-03-08 07:59:00,223,Stable
2019-03-08 13:59:00,226,Stable
2019-03-08 19:59:00,218,Low Voltage
2019-03-08 23:59:00,203,Low Voltage
2019-03-09 07:59:00,227,Stable
2019-03-09 13:59:00,232,Stable
2019-03-09 19:59:00,183,Low Voltage
2019-03-09 23:59:00,225,Stable
2019-03-10 07:59:00,134,Low Voltage
2019-03-10 13:59:00,223,Stable
2019-03-10 19:59:00,145,Low Voltage
2019-03-10 23:59:00,157,Low Voltage
2019-03-11 07:59:00,233,Stable
2019-03-11 13:59:00,227,Stable
2019-03-11 19:59:00,168,Low Voltage
2019-03-11 23:59:00,139,Low Voltage
2019-03-12 07:59:00,224,Stable
2019-03-12 13:59:00,129,Low Voltage
2019-03-12 19:59:00,145,Low Voltage
2019-03-12 23:59:00,231,Stable
2019-03-13 07:59:00,212,Low Voltage
2019-03-13 13:59:00,232,Stable
2019-03-13 19:59:00,233,Stable
2019-03-13 23:59:00,235,Stable
2019-03-14 07:59:00,239,Stable
2019-03-14 13:59:00,167,Low Voltage
2019-03-14 19:59:00,231,Stable
2019-03-14 23:59:00,243,High Voltage
2019-03-15 07:59:00,133,Low Voltage
2019-03-15 13:59:00,159,Low Voltage
2019-03-15 19:59:00,258,High Voltage
2019-03-15 23:59:00,233,Stable
2019-03-16 07:59:00,151,Low Voltage
2019-03-16 13:59:00,203,Low Voltage
2019-03-16 19:59:00,256,High Voltage
2019-03-16 23:59:00,238,Stable
2019-03-17 07:59:00,226,Stable
2019-03-17 13:59:00,238,Stable
2019-03-17 19:59:00,226,Stable
2019-03-17 23:59:00,133,Low Voltage
2019-03-18 07:59:00,232,Stable
2019-03-18 13:59:00,0,Power Outage
2019-03-18 19:59:00,233,Stable
2019-03-18 23:59:00,143,Low Voltage
2019-03-19 07:59:00,149,Low Voltage
2019-03-19 13:59:00,226,Stable
2019-03-19 19:59:00,184,Low Voltage
2019-03-19 23:59:00,240,Stable
2019-03-20 07:59:00,190,Low Voltage
2019-03-20 13:59:00,240,Stable
2019-03-20 19:59:00,219,Low Voltage
2019-03-20 23:59:00,193,Low Voltage
2019-03-21 07:59:00,243,High Voltage
2019-03-21 13:59:00,231,Stable
2019-03-21 19:59:00,227,Stable
2019-03-21 23:59:00,235,Stable
2019-03-22 07:59:00,247,High Voltage
2019-03-22 13:59:00,214,Low Voltage
2019-03-22 19:59:00,123,Low Voltage
2019-03-22 23:59:00,228,Stable
2019-03-23 07:59:00,138,Low Voltage
2019-03-23 13:59:00,144,Low Voltage
2019-03-23 19:59:00,128,Low Voltage
2019-03-23 23:59:00,230,Stable
2019-03-24 07:59:00,231,Stable
2019-03-24 13:59:00,254,High Voltage
2019-03-24 19:59:00,117,Low Voltage
2019-03-24 23:59:00,157,Low Voltage
2019-03-25 07:59:00,220,Low Voltage
2019-03-25 13:59:00,165,Low Voltage
2019-03-25 19:59:00,246,High Voltage
2019-03-25 23:59:00,227,Stable
2019-03-26 07:59:00,196,Low Voltage
2019-03-26 13:59:00,128,Low Voltage
2019-03-26 19:59:00,230,Stable
2019-03-26 23:59:00,246,High Voltage
2019-03-27 07:59:00,233,Stable
2019-03-27 13:59:00,170,Low Voltage
2019-03-27 19:59:00,258,High Voltage
2019-03-27 23:59:00,238,Stable
2019-03-28 07:59:00,0,Power Outage
2019-03-28 13:59:00,127,Low Voltage
2019-03-28 19:59:00,0,Power Outage
2019-03-28 23:59:00,223,Stable
2019-03-29 07:59:00,142,Low Voltage
2019-03-29 13:59:00,134,Low Voltage
2019-03-29 19:59:00,224,Stable
2019-03-29 23:59:00,247,High Voltage
2019-03-30 07:59:00,236,Stable
2019-03-30 13:59:00,0,Power Outage
2019-03-30 19:59:00,236,Stable
2019-03-30 23:59:00,242,High Voltage
2019-03-31 07:59:00,135,Low Voltage
2019-03-31 13:59:00,159,Low Voltage
2019-03-31 19:59:00,228,Stable
